Cooler Master Hyper 212 RGB Black Edition,650 - 2000 RPM,8 - 30 dB,Black,0,49.99
Cooler Master Hyper 212 Black Edition,650 - 2000 RPM,6.5 - 26 dB,Black,0,43.99
Corsair iCUE H150i ELITE CAPELLIX,2400 RPM,10 - 37 dB,Black,360,189.99
Cooler Master MASTERLIQUID ML240L RGB V2,650 - 1800 RPM,6 - 27 dB,Black,240,67.98
Corsair iCUE H100i ELITE CAPELLIX,2400 RPM,10 - 37 dB,Black,240,149.99
Noctua NH-D15,300 - 1500 RPM,19.2 - 24.6 dB,Beige,0,99.95
Thermaltake UX100,1800 RPM,26.92 dB,Black,0,19.98
Deepcool GAMMAXX 400 Blue,200 - 2100 RPM,24.4 dB,White / Black,0,51.28
Vetroo V5,800 - 1700 RPM,30.8 dB,Black,0,33.49
NZXT Kraken Z73 RGB,500 - 1500 RPM,22 - 33 dB,Black,360,304.99
ARCTIC Freezer 34 eSports DUO,200 - 2100 RPM,24.4 dB,White / Black,0,51.28
Asus ROG RYUJIN II 360,450 - 2000 RPM,29.7 dB,Black,360,349
Scythe FUMA 2,300 - 1200 RPM,2.7 - 24.9 dB,Black / Silver,0,59.99
