Corsair 4000D Airflow B,ATX/Micro/Mini,Black,360,USB 3.2 Gen 2 Type-C/USB 3.2 Gen 1 Type-A,94.99
NZXT H510 W,ATX/Micro/Mini,White,381,USB 3.2 Gen 2 Type-C/USB 3.2 Gen 1 Type-A,89.99
Corsair iCUE 4000X RGB B,ATX/Micro/Mini,Black,360,USB 3.2 Gen 2 Type-C/USB 3.2 Gen 1 Type-A,129.99
Phanteks Eclipse P300A Mesh,ATX/Micro/Mini,Black,355,USB 3.2 Gen 1 Type-A,75.98
NZXT H510 B,ATX/Micro/Mini,Black,381,USB 3.2 Gen 2 Type-C/USB 3.2 Gen 1 Type-A,89.99
Lian Li PC-O11 Dynamic,ATX/EATX/Micro/Mini,Black,420,USB 3.2 Gen 2 Type-C/USB 3.2 Gen 1 Type-A,164.99
Corsair 4000D Airflow W,ATX/Micro/Mini,White,360,USB 3.2 Gen 2 Type-C/USB 3.2 Gen 1 Type-A,94.99
Corsair iCUE 4000X RGB W,ATX/Micro/Mini,White,360,USB 3.2 Gen 2 Type-C/USB 3.2 Gen 1 Type-A,129.99
Cooler Master MasterBox Q300L,Micro/Mini,Black,360,USB 3.2 Gen 1 Type-A,49.99
Corsair SPEC-DELTA RGB,ATX/Micro/Mini,Black,330,USB 3.2 Gen 1 Type-A,94.99
Fractal Design Meshify C,ATX/Micro/Mini,Black,315,USB 3.2 Gen 1 Type-A,111.98
Corsair 5000D AIRFLOW,ATX/Micro/Mini,Black,420,USB 3.2 Gen 1 Type-C/USB 3.2 Gen 1 Type-A,119.98
